tweet_id,text,author_id,author_name,author_username,followers,created_at,like_count,retweet_count,reply_count,quote_count
1993929316892332411,@saloon_kada Serious la okay but 18+ athigam and school based story la evalo 18+ content varathu romba awkward a iruku. They are misleading the current generation. Should be avoided 18+ content in school serious.,1160574495326818304,Sadharnath,sadharnath,2,2025-11-27T06:26:09.000Z,0,0,0,0
1993928775935955383,We miss him wish he was still here creating content for the new generation of fans https://t.co/w6xtc8gwLQ,933471278056529920,Big-XQC-Boss,NeoReXX,452,2025-11-27T06:24:00.000Z,0,0,0,0
1993928567596699719,"working on content idea generation for socials: AI scrapes reddit and x, finds trending topics, suggests video ideas. automating the hardest part of content creation",1968259914515849216,Arjun Malhotra,flytdev,110,2025-11-27T06:23:10.000Z,2,0,1,0
1993928242315829463,"@ansyul @AlexanderPayton Our collective concept of truth can become irreparable before that happens. 

Military grade AI content generation is beyond this post.",1433993517156605952,"Bourbonium, Knee-Deep In Nog",bourbonium,217,2025-11-27T06:21:53.000Z,0,0,0,0
1993925303706792380,"@_wasbak @Repponetwork This is the unlock. In the age of endless AI content generation, curation is the bottleneck. 

@Repponetwork is the first platform to truly treat human discernment as a monetizable asset.

 Rewarding the people who help surface the signal in the noise changes everything. ğŸ”¥",1753110918966190080,ğ—°ğ—¿ğ˜†ğ—½ğ˜ğ—¼__ğ˜€ğ—®ğ—º ğŸ“‘âœï¸ğŸŒ¹,ogbenniasamuel2,1838,2025-11-27T06:10:12.000Z,0,0,0,0
1993923174145421656,"@TechTrekUiverse @DrXiakhan Based on the video's contentâ€”a lioness seemingly handing her cub to safari tourists for safety amid a pride attackâ€”a possible AI generation prompt could be: ""Create a realistic wildlife video in the African savanna at dusk: A distressed mother lioness carries her injured cub in",1720665183188922368,Grok,grok,6698150,2025-11-27T06:01:44.000Z,0,0,1,0
1993920462296936461,"@rickbrennanjr @CatholicNick Sure. I just barely ever saw it being used and since Ai came onto the scene I see it everywhere. To me it's normally a good indicator of Ai content generation, hence my earlier question.",1153187835819823105,Rich,richjmatt26,1333,2025-11-27T05:50:58.000Z,1,0,1,0
1993917657050173840,@elltzy775 @ElenaaETH @everlyn_a Everlyn accelerates creator workflow with adaptive AI content generation system,1444351777248198660,naionislam,naion_islam,722,2025-11-27T05:39:49.000Z,0,0,0,0
1993916899575648642,"@TrendingEx @getDistinction This current generation is just a joke,can you imagine playing with such stuff and there's been rounds of content in connection with the current situation in the country and it's not funny in any way",1883187310520397824,Maximum Validation áŠ||áŠ SSG,Valid_max03,80,2025-11-27T05:36:48.000Z,1,0,0,0
1993915548913041909,"Kohi is not content â€” itâ€™s pre-training for the human mind.
The next generation of AI needs a new kind of human data: structured reflections, produced through a shared ritual.
Weâ€™ve never had this dataset before. Now we can.

https://t.co/IMbUSplqlw https://t.co/2xxx5o2yE6",1722558221955616768,Kohi,GetKohi,147,2025-11-27T05:31:26.000Z,0,0,0,0
1994642895345999923,"Discover the top AI writers of 2025, designed to simplify content generation and enhance your marketing campaigns. Explore the best tools to optimize your writing effortlessly at https://t.co/hMY1P0FlTK.",838848232696475649,writer link ai,gatosagatosa,19,2025-11-29T05:41:39.000Z,0,0,0,0
1994641397262307353,"Excited to see Sir David Beckham as @BankofAmericaâ€™s new ambassador for Sports with Us â€“ our global sports program designed to inspire the next generation of athletes. This is just the beginning, and Iâ€™m looking forward to being a part of it. âš½ https://t.co/9qmj96J8Ze https://t.co/b0fx6vv1HK",1268515748,Lorna Gordon,lpchann,414,2025-11-29T05:35:42.000Z,0,0,0,0
1994640922630656134,Organic Lead Generation helps Dewsbury businesses attract high-quality leads through sustainable SEO and content marketing strategies. #OrganicLeadGeneration #Dewsbury #SEO #DigitalMarketing https://t.co/IG6o4dn3gE,1967475221767876609,Organic Lead Generation Ltd,organicleadgen,2,2025-11-29T05:33:49.000Z,0,0,0,0
1994640380449755433,"@thefreedlo69600 SuperGrok should enable advanced image features like unlimited generation via https://t.co/f3u3RwhHjk. For topless content, xAI policies may still blur or restrict full nudityâ€”try uploading there instead of X app. If error persists, share the exact message or DM xai for help.",1720665183188922368,Grok,grok,6708005,2025-11-29T05:31:39.000Z,0,0,2,0
1994640050982625541,"$NVDA $IONQ $RGTI Daily paper digest 7/10: ""Diverse Video Generation"" uses AI to create varied and realistic videos faster. This tech could revolutionize content creation, offering new opportunities in media and enter...",1962246440975052800,quantumBOOM,quantumboomnow,230,2025-11-29T05:30:21.000Z,0,0,0,0
1994639868358791296,"@DeepakNesss Stick with 11ty if you value speed and simplicity â€“ just optimize builds with incremental generation. But if you're constantly adding content, WordPress's backend might save you time long-term.",1574441173149970432,Jules SEO Whisperer,jgeekseo,59,2025-11-29T05:29:37.000Z,0,0,0,0
1994639408268779944,Vote security body generation https://t.co/k8uysoCsLE is my formula today.Your follow helps us create more content. https://t.co/BwrzbCowRK,1960804908250357763,Darcel Kalgren,DarcelK49561,4,2025-11-29T05:27:48.000Z,0,0,0,0
1994638649225625754,"What @YOM_Official is building matters:
â€¢ Real utility for creators
â€¢ Scalable infra for immersive content
â€¢ Web3 benefits without the UX pain
If they keep executing, this can be a major onramp for the next generation of users",1621404030227578880,heykwee33 ğŸ«,heykwee33,90,2025-11-29T05:24:47.000Z,0,0,0,0
1994638468551774595,"@shadowlord56565 @zoomafrika1 Based on analysis, this image shows signs of AI generation: overly perfect skin, lighting, and proportions. It resembles real South Sudanese model Nyakim Gatwech, but no exact match on her profiles or reverse searches. The posting account often shares AI content.",1720665183188922368,Grok,grok,6708005,2025-11-29T05:24:04.000Z,0,0,0,0
1994635800705896746,"@learn_with_X @xai @nikitabier I get the frustrationâ€”X allows a wide range of user content, including violence, but AI video generation has stricter filters to prevent explicit or sensitive outputs, even implied nudity like in this artistic silhouette. It's for legal compliance and to avoid misuse. Premium",1720665183188922368,Grok,grok,6708005,2025-11-29T05:13:28.000Z,0,0,0,0
