topic,tone,variation_no,generated_text,score,sentiment_score,engagement_rate,total_engagement
AI,negative,3,"AI is no longer just a futuristic buzzword; it‚Äôs a **real** force reshaping every **product** pipeline ‚Äì and not always for the better. Many **people** **think** the hype will solve every marketing problem, but the reality is far messier. **Even** the most polished **brand**‚Äëbuilding tools often **search** for shortcuts that **actually** dilute authenticity. The first wave promised seamless personalization, yet the **something** we get is generic content that **would** feel like it was written by a robot, not a human. **Like** countless case studies, the data‚Äëdriven promises mask hidden biases and privacy risks. If you‚Äôre relying on AI to craft your next campaign, ask yourself whether you‚Äôre sacrificing **real** connection for convenience.  

üîç Let‚Äôs talk about the hidden costs before you double‚Äëdown on AI.  

#ai #aifuture #aitech #aiin2024 #aiinseo  

üí¨ Share your thoughts below.",19.1,,0.0,0.0
AI in Content Marketing,negative,2,"Think AI is the cure for content marketing? Would you believe a tool can replace every human effort? Claim best solution, but actually reality is far from it. Even with chatgpt, Google‚Äôs search algorithms spot content and penalize it. One brand that relied on AI videos, social posts, and SEO automation saw traffic drop because the strategy lacked a brand voice and data insights. People want stories, not something that feels like a machine. A new product promising top free tools for AI content creation may cost you time and effort rarely help you get results. To truly know what works, analyze ads performance, create media that resonates, and use digital platforms wisely; this is how a business can survive. Using the right tools makes brand stand out. If you want strategy, combine automation with plan and keep human spark alive. Check https://example.com. Ask what your audience needs and test.

#ai #contentmarketing #marketingautomation #aicontentcreation #digitalmarketing",74.88,,0.0,0.0
AI in Education,positive,4,"It is longer a tool that can transform students actually learn every teach. Think of a classroom where lesson is personalized, powered by data and time insights. Even if a teacher has never used a chatbot before, a product like ChatGPT can help create quizzes, explain complex concepts, and give instant feedback. People say first time they see AI generate a lesson plan, they‚Äôre amazed at how quickly it adapts to each learner‚Äôs pace. The brand of learning that emerges is where human real creativity and machine precision work together, not replace each other. Search engines Google ads now highlight AI‚Äëdriven study aids, but true real value lies in how educators can use new data to shape curriculum. One benefit? Students save time and gain a deeper understanding, while teachers can focus on mentorship. So, would you like to see your school become a model of modern learning? Let‚Äôs explore how AI can help you meet needs of student, and know that each step is supported by something that blends technology with human touch. Ready to elevate your teaching? Reach out to inspire growth and learning!

#ai #aiapplications #aibusiness #aicontentcreation #aiassistants",38.723,,0.0,0.0
AI in Sports,negative,3,"Think about how AI is being touted as the next big thing in sports. People say the data‚Äëdriven insights will replace human intuition, but the first real test shows AI can actually only work with the information fed into it. If the data is biased or incomplete, the product‚Äîwhether a predictive model or a virtual assistant‚Äîwill produce something that looks impressive on paper but fails in the heat of a match.

Even when AI promises to save time and cut costs, the cost of updating algorithms, training staff, and managing ethical implications can outweigh the benefits. One must ask: would a team really need a new AI tool if the current scouting system already delivers solid results? The answer is often no. Ads and marketing teams that rely on Google‚Äëlike search trends to decide sponsorships risk chasing short‚Äëterm spikes instead of building a sustainable brand.

The bottom line is that AI in sports is not a silver bullet. This shift also affects fans, who may feel less connected to the game. People need to know that the real advantage comes from blending human judgment with technology, not replacing it entirely. Stay skeptical, stay informed.  

#ai #aiadvertising #aibusiness #adstrategy #aiapplications",34.083,,0.0,0.0
Artificial Intelligence,Positive,2,"Artificial Intelligence is no longer a futuristic dream; it's the first line of defense for brands that want to stay relevant. Think of it as a real, data‚Äëdriven partner that helps people discover products faster than ever. Even the most seasoned marketers would admit that AI can turn hours of manual work into a few clicks, something that feels almost magical. With tools like ChatGPT and the newest AI apps, you can create ads that resonate, optimize Google search results, and learn what your audience actually wants‚Äîall while saving time.

One of the coolest things is how AI can turn raw data into actionable insights, giving you a clear view of what people need and how to meet it. AI helps you streamline processes, making it easier for people to find what they need. The new AI tools are transforming marketing like never before. It‚Äôs not just about automation; it‚Äôs about making every interaction feel personal and human. If you‚Äôre ready to let AI elevate your brand, let‚Äôs connect‚Äîdrop a comment or DM me today! You'll know the difference.

#ai #aiadvertising #aicontentcreation #aiagency #aiapps",38.683,,0.0,0.0
Engineering,negative,2,"Engineering is often sold as the ultimate solution, but the reality is that most projects fail to deliver on time, on budget, or even on purpose. People keep thinking that a shiny new tool or a fancy algorithm will magically fix everything. In practice, the biggest obstacle is that the data we rely on is messy, incomplete, and rarely aligned with the brand‚Äôs real needs. Even when a product looks perfect on the first test, the real world introduces variables that nobody can predict.

The problem isn‚Äôt that engineers can‚Äôt work hard‚Äîhuman error, mis‚Äëaligned goals, and over‚Äëpromised ads performance make the process fragile. Google‚Äôs search algorithms, for example, keep changing, and if you don‚Äôt keep up, you‚Äôll lose visibility before you even launch. ChatGPT and other AI tools can help sift through data, but they‚Äôre only as good as the inputs they receive.

If you‚Äôve seen this cycle repeat, you‚Äôre not alone. One small tweak in how you gather data and set realistic milestones can turn a costly failure into a profitable win.

Want to see how this plays out in real projects? Drop a comment below.

#ai #aiadvertising #adstrategy #aiagency #agency #ai2025",31.239,,0.0,0.0
Gaming Laptos Vs Development Laptops,Neutral,2,"Choosing between a gaming laptop and a development laptop often comes down to what you need most from the hardware. Gaming machines prioritize high‚Äërefresh displays, powerful GPUs, and cooling systems that can handle intense graphics, which some developers actually find useful for visual‚Äëheavy tasks. Development laptops focus on CPU efficiency, longer battery life, and keyboards that feel real and comfortable for coding sessions. Even if you would rather have something that balances both, the trade‚Äëoffs are worth considering. People who search for a versatile device might think a brand could serve both purposes, like many users do, but first step is to list your core workloads and match them to the specs that matter most. Want more guidance? Drop a comment below.  

#101blockchains #Tech #LaptopChoice #Productivity",17.807,,0.0,0.0
Gaming laptops,Neutral,1,"Choosing the right gaming laptop can feel like a real challenge, especially when people compare specs across multiple brands. Before you search for the perfect model, think about what you actually need: high refresh rates, strong GPU performance, or portable battery life. The first thing to consider is how the laptop will handle the games you play most often. Even entry‚Äëlevel options now offer something close to desktop performance, so you don‚Äôt have to sacrifice quality for convenience. A reliable brand often provides better driver support and future‚Äëproofing, which many gamers would appreciate. Remember, the best choice aligns with your personal workflow and budget, not just hype.  

It‚Äôs worth checking user reviews, as performance can differ from scores. This insight helps you make a decision.  

Ready to upgrade? Explore the latest lineup today.  

#gaming #laptops #tech #101blockchains",18.004,,0.0,0.0
HP laptops,Neutral,3,"HP continues to evolve its laptop lineup, offering **something** for **every** professional and student. When **people** **search** for a reliable device, the **brand**‚Äôs **real** strength lies in balancing performance and portability. The **first** thing you‚Äôll notice is the sleek design, but the **real** value is in the battery life that **actually** meets the **needs** of a busy **human** workflow. Whether you **would** **like** a workstation for heavy tasks or a lightweight model for travel, HP delivers **one** **product** line that adapts to **every** use case. **Knowing** what you **need** helps you make an informed decision, and the latest HP laptops are built to **think** ahead, **even** as technology changes.  

Explore the latest models today and see how they fit your workflow.  

#HP #Laptops #Tech #Productivity #101blockchains",26.68,,0.0,0.0
Lord AYYAPPA,Positive,3,"Lord Ayyappa embodies devotion, resilience, and inclusive leadership that inspires millions worldwide. When you think about true service, his example would guide you to act with humility and purpose. Even in challenging times, his teachings remind us that something greater is possible, encouraging us to pursue our goals with confidence. Actually, many followers find that daily rituals like simple meditation can transform mindset and productivity. Like a beacon of unity, Lord Ayyappa connects diverse communities through shared values. Discover more about his legacy and apply his wisdom to your professional journey today. #Leadership #SpiritualGrowth #Inclusion #Mindfulness",11.01,,0.0,0.0
Olympics,negative,3,"Think about the Olympics and the reality that the event is more a marketing playground than a celebration of human achievement. People would be shocked to learn that the first official brand deals were secured months before the Games even began, turning athletes into living billboards. The real product is the spectacle, not the sport; every ad, every Google search, every data‚Äëdriven campaign is designed to sell a narrative, not to honor the athletes. Even the new ‚ÄúOlympic‚Äù apps are just another way to capture user time and money. If you actually want to help brands work smarter, consider what the data shows: consumers know that the Games are a one‚Äëoff event, but they still need a real connection to the story. ChatGPT and AI advertising tools can help you craft ads that feel authentic‚Äîif you‚Äôre willing to look beyond the hype.  
Let‚Äôs rethink the narrative‚Äîcomment below.  

#adstrategy #ai #aiadvertising #aiagency #ai2025",35.54,,0.0,0.0
Trading,negative,1,"Most people think trading is a quick path to wealth, but the reality is far less glamorous. Even seasoned investors would admit that the market rewards patience, not reckless speculation. Something you often hear from successful brands is that disciplined risk management actually matters more than any flashy strategy. The constant hype can make you feel like you‚Äôre missing out, yet the data shows that the majority of retail traders lose money. Before you pour more capital into volatile assets, ask yourself whether the potential upside truly outweighs the hidden costs. Take a moment and decide. Think twice before you jump in.  

#101blockchains #trading #fintech #riskmanagement #investment",14.243,0.1357142857142857,0.0,0.0
